MH_get_Q_head0,512,1,1,1,1024,64,1,
MH_get_K_head0,512,1,1,1,1024,64,1,
MH_get_V_head0,512,1,1,1,1024,64,1,
MH_QxKT_head0,512,1,1,1,64,512,1,
MH_QxKTxV_head0,512,1,1,1,512,64,1,
MH_get_Q_head1,512,1,1,1,1024,64,1,
MH_get_K_head1,512,1,1,1,1024,64,1,
MH_get_V_head1,512,1,1,1,1024,64,1,
MH_QxKT_head1,512,1,1,1,64,512,1,
MH_QxKTxV_head1,512,1,1,1,512,64,1,
MH_get_Q_head2,512,1,1,1,1024,64,1,
MH_get_K_head2,512,1,1,1,1024,64,1,
MH_get_V_head2,512,1,1,1,1024,64,1,
MH_QxKT_head2,512,1,1,1,64,512,1,
MH_QxKTxV_head2,512,1,1,1,512,64,1,
MH_get_Q_head3,512,1,1,1,1024,64,1,
MH_get_K_head3,512,1,1,1,1024,64,1,
MH_get_V_head3,512,1,1,1,1024,64,1,
MH_QxKT_head3,512,1,1,1,64,512,1,
MH_QxKTxV_head3,512,1,1,1,512,64,1,
MH_get_Q_head4,512,1,1,1,1024,64,1,
MH_get_K_head4,512,1,1,1,1024,64,1,
MH_get_V_head4,512,1,1,1,1024,64,1,
MH_QxKT_head4,512,1,1,1,64,512,1,
MH_QxKTxV_head4,512,1,1,1,512,64,1,
MH_get_Q_head5,512,1,1,1,1024,64,1,
MH_get_K_head5,512,1,1,1,1024,64,1,
MH_get_V_head5,512,1,1,1,1024,64,1,
MH_QxKT_head5,512,1,1,1,64,512,1,
MH_QxKTxV_head5,512,1,1,1,512,64,1,
MH_get_Q_head6,512,1,1,1,1024,64,1,
MH_get_K_head6,512,1,1,1,1024,64,1,
MH_get_V_head6,512,1,1,1,1024,64,1,
MH_QxKT_head6,512,1,1,1,64,512,1,
MH_QxKTxV_head6,512,1,1,1,512,64,1,
MH_get_Q_head7,512,1,1,1,1024,64,1,
MH_get_K_head7,512,1,1,1,1024,64,1,
MH_get_V_head7,512,1,1,1,1024,64,1,
MH_QxKT_head7,512,1,1,1,64,512,1,
MH_QxKTxV_head7,512,1,1,1,512,64,1,
MH_get_Q_head8,512,1,1,1,1024,64,1,
MH_get_K_head8,512,1,1,1,1024,64,1,
MH_get_V_head8,512,1,1,1,1024,64,1,
MH_QxKT_head8,512,1,1,1,64,512,1,
MH_QxKTxV_head8,512,1,1,1,512,64,1,
MH_get_Q_head9,512,1,1,1,1024,64,1,
MH_get_K_head9,512,1,1,1,1024,64,1,
MH_get_V_head9,512,1,1,1,1024,64,1,
MH_QxKT_head9,512,1,1,1,64,512,1,
MH_QxKTxV_head9,512,1,1,1,512,64,1,
MH_get_Q_head10,512,1,1,1,1024,64,1,
MH_get_K_head10,512,1,1,1,1024,64,1,
MH_get_V_head10,512,1,1,1,1024,64,1,
MH_QxKT_head10,512,1,1,1,64,512,1,
MH_QxKTxV_head10,512,1,1,1,512,64,1,
MH_get_Q_head11,512,1,1,1,1024,64,1,
MH_get_K_head11,512,1,1,1,1024,64,1,
MH_get_V_head11,512,1,1,1,1024,64,1,
MH_QxKT_head11,512,1,1,1,64,512,1,
MH_QxKTxV_head11,512,1,1,1,512,64,1,
MH_get_Q_head12,512,1,1,1,1024,64,1,
MH_get_K_head12,512,1,1,1,1024,64,1,
MH_get_V_head12,512,1,1,1,1024,64,1,
MH_QxKT_head12,512,1,1,1,64,512,1,
MH_QxKTxV_head12,512,1,1,1,512,64,1,
MH_get_Q_head13,512,1,1,1,1024,64,1,
MH_get_K_head13,512,1,1,1,1024,64,1,
MH_get_V_head13,512,1,1,1,1024,64,1,
MH_QxKT_head13,512,1,1,1,64,512,1,
MH_QxKTxV_head13,512,1,1,1,512,64,1,
MH_get_Q_head14,512,1,1,1,1024,64,1,
MH_get_K_head14,512,1,1,1,1024,64,1,
MH_get_V_head14,512,1,1,1,1024,64,1,
MH_QxKT_head14,512,1,1,1,64,512,1,
MH_QxKTxV_head14,512,1,1,1,512,64,1,
MH_get_Q_head15,512,1,1,1,1024,64,1,
MH_get_K_head15,512,1,1,1,1024,64,1,
MH_get_V_head15,512,1,1,1,1024,64,1,
MH_QxKT_head15,512,1,1,1,64,512,1,
MH_QxKTxV_head15,512,1,1,1,512,64,1,
MH_Concat_Linear,512,1,1,1,1024,1024,1,
FF1,512,1,1,1,1024,4096,1,
FF2,512,1,1,1,4096,1024,1,