MH_get_Q_head0,512,1,1,1,1024,128,1,
MH_get_K_head0,512,1,1,1,1024,128,1,
MH_get_V_head0,512,1,1,1,1024,128,1,
MH_QxKT_head0,512,1,1,1,128,512,1,
MH_QxKTxV_head0,512,1,1,1,512,128,1,
MH_get_Q_head1,512,1,1,1,1024,128,1,
MH_get_K_head1,512,1,1,1,1024,128,1,
MH_get_V_head1,512,1,1,1,1024,128,1,
MH_QxKT_head1,512,1,1,1,128,512,1,
MH_QxKTxV_head1,512,1,1,1,512,128,1,
MH_get_Q_head2,512,1,1,1,1024,128,1,
MH_get_K_head2,512,1,1,1,1024,128,1,
MH_get_V_head2,512,1,1,1,1024,128,1,
MH_QxKT_head2,512,1,1,1,128,512,1,
MH_QxKTxV_head2,512,1,1,1,512,128,1,
MH_get_Q_head3,512,1,1,1,1024,128,1,
MH_get_K_head3,512,1,1,1,1024,128,1,
MH_get_V_head3,512,1,1,1,1024,128,1,
MH_QxKT_head3,512,1,1,1,128,512,1,
MH_QxKTxV_head3,512,1,1,1,512,128,1,
MH_get_Q_head4,512,1,1,1,1024,128,1,
MH_get_K_head4,512,1,1,1,1024,128,1,
MH_get_V_head4,512,1,1,1,1024,128,1,
MH_QxKT_head4,512,1,1,1,128,512,1,
MH_QxKTxV_head4,512,1,1,1,512,128,1,
MH_get_Q_head5,512,1,1,1,1024,128,1,
MH_get_K_head5,512,1,1,1,1024,128,1,
MH_get_V_head5,512,1,1,1,1024,128,1,
MH_QxKT_head5,512,1,1,1,128,512,1,
MH_QxKTxV_head5,512,1,1,1,512,128,1,
MH_get_Q_head6,512,1,1,1,1024,128,1,
MH_get_K_head6,512,1,1,1,1024,128,1,
MH_get_V_head6,512,1,1,1,1024,128,1,
MH_QxKT_head6,512,1,1,1,128,512,1,
MH_QxKTxV_head6,512,1,1,1,512,128,1,
MH_get_Q_head7,512,1,1,1,1024,128,1,
MH_get_K_head7,512,1,1,1,1024,128,1,
MH_get_V_head7,512,1,1,1,1024,128,1,
MH_QxKT_head7,512,1,1,1,128,512,1,
MH_QxKTxV_head7,512,1,1,1,512,128,1,
MH_get_Q_head8,512,1,1,1,1024,128,1,
MH_get_K_head8,512,1,1,1,1024,128,1,
MH_get_V_head8,512,1,1,1,1024,128,1,
MH_QxKT_head8,512,1,1,1,128,512,1,
MH_QxKTxV_head8,512,1,1,1,512,128,1,
MH_get_Q_head9,512,1,1,1,1024,128,1,
MH_get_K_head9,512,1,1,1,1024,128,1,
MH_get_V_head9,512,1,1,1,1024,128,1,
MH_QxKT_head9,512,1,1,1,128,512,1,
MH_QxKTxV_head9,512,1,1,1,512,128,1,
MH_get_Q_head10,512,1,1,1,1024,128,1,
MH_get_K_head10,512,1,1,1,1024,128,1,
MH_get_V_head10,512,1,1,1,1024,128,1,
MH_QxKT_head10,512,1,1,1,128,512,1,
MH_QxKTxV_head10,512,1,1,1,512,128,1,
MH_get_Q_head11,512,1,1,1,1024,128,1,
MH_get_K_head11,512,1,1,1,1024,128,1,
MH_get_V_head11,512,1,1,1,1024,128,1,
MH_QxKT_head11,512,1,1,1,128,512,1,
MH_QxKTxV_head11,512,1,1,1,512,128,1,
MH_get_Q_head12,512,1,1,1,1024,128,1,
MH_get_K_head12,512,1,1,1,1024,128,1,
MH_get_V_head12,512,1,1,1,1024,128,1,
MH_QxKT_head12,512,1,1,1,128,512,1,
MH_QxKTxV_head12,512,1,1,1,512,128,1,
MH_get_Q_head13,512,1,1,1,1024,128,1,
MH_get_K_head13,512,1,1,1,1024,128,1,
MH_get_V_head13,512,1,1,1,1024,128,1,
MH_QxKT_head13,512,1,1,1,128,512,1,
MH_QxKTxV_head13,512,1,1,1,512,128,1,
MH_get_Q_head14,512,1,1,1,1024,128,1,
MH_get_K_head14,512,1,1,1,1024,128,1,
MH_get_V_head14,512,1,1,1,1024,128,1,
MH_QxKT_head14,512,1,1,1,128,512,1,
MH_QxKTxV_head14,512,1,1,1,512,128,1,
MH_get_Q_head15,512,1,1,1,1024,128,1,
MH_get_K_head15,512,1,1,1,1024,128,1,
MH_get_V_head15,512,1,1,1,1024,128,1,
MH_QxKT_head15,512,1,1,1,128,512,1,
MH_QxKTxV_head15,512,1,1,1,512,128,1,
MH_get_Q_head16,512,1,1,1,1024,128,1,
MH_get_K_head16,512,1,1,1,1024,128,1,
MH_get_V_head16,512,1,1,1,1024,128,1,
MH_QxKT_head16,512,1,1,1,128,512,1,
MH_QxKTxV_head16,512,1,1,1,512,128,1,
MH_get_Q_head17,512,1,1,1,1024,128,1,
MH_get_K_head17,512,1,1,1,1024,128,1,
MH_get_V_head17,512,1,1,1,1024,128,1,
MH_QxKT_head17,512,1,1,1,128,512,1,
MH_QxKTxV_head17,512,1,1,1,512,128,1,
MH_get_Q_head18,512,1,1,1,1024,128,1,
MH_get_K_head18,512,1,1,1,1024,128,1,
MH_get_V_head18,512,1,1,1,1024,128,1,
MH_QxKT_head18,512,1,1,1,128,512,1,
MH_QxKTxV_head18,512,1,1,1,512,128,1,
MH_get_Q_head19,512,1,1,1,1024,128,1,
MH_get_K_head19,512,1,1,1,1024,128,1,
MH_get_V_head19,512,1,1,1,1024,128,1,
MH_QxKT_head19,512,1,1,1,128,512,1,
MH_QxKTxV_head19,512,1,1,1,512,128,1,
MH_get_Q_head20,512,1,1,1,1024,128,1,
MH_get_K_head20,512,1,1,1,1024,128,1,
MH_get_V_head20,512,1,1,1,1024,128,1,
MH_QxKT_head20,512,1,1,1,128,512,1,
MH_QxKTxV_head20,512,1,1,1,512,128,1,
MH_get_Q_head21,512,1,1,1,1024,128,1,
MH_get_K_head21,512,1,1,1,1024,128,1,
MH_get_V_head21,512,1,1,1,1024,128,1,
MH_QxKT_head21,512,1,1,1,128,512,1,
MH_QxKTxV_head21,512,1,1,1,512,128,1,
MH_get_Q_head22,512,1,1,1,1024,128,1,
MH_get_K_head22,512,1,1,1,1024,128,1,
MH_get_V_head22,512,1,1,1,1024,128,1,
MH_QxKT_head22,512,1,1,1,128,512,1,
MH_QxKTxV_head22,512,1,1,1,512,128,1,
MH_get_Q_head23,512,1,1,1,1024,128,1,
MH_get_K_head23,512,1,1,1,1024,128,1,
MH_get_V_head23,512,1,1,1,1024,128,1,
MH_QxKT_head23,512,1,1,1,128,512,1,
MH_QxKTxV_head23,512,1,1,1,512,128,1,
MH_get_Q_head24,512,1,1,1,1024,128,1,
MH_get_K_head24,512,1,1,1,1024,128,1,
MH_get_V_head24,512,1,1,1,1024,128,1,
MH_QxKT_head24,512,1,1,1,128,512,1,
MH_QxKTxV_head24,512,1,1,1,512,128,1,
MH_get_Q_head25,512,1,1,1,1024,128,1,
MH_get_K_head25,512,1,1,1,1024,128,1,
MH_get_V_head25,512,1,1,1,1024,128,1,
MH_QxKT_head25,512,1,1,1,128,512,1,
MH_QxKTxV_head25,512,1,1,1,512,128,1,
MH_get_Q_head26,512,1,1,1,1024,128,1,
MH_get_K_head26,512,1,1,1,1024,128,1,
MH_get_V_head26,512,1,1,1,1024,128,1,
MH_QxKT_head26,512,1,1,1,128,512,1,
MH_QxKTxV_head26,512,1,1,1,512,128,1,
MH_get_Q_head27,512,1,1,1,1024,128,1,
MH_get_K_head27,512,1,1,1,1024,128,1,
MH_get_V_head27,512,1,1,1,1024,128,1,
MH_QxKT_head27,512,1,1,1,128,512,1,
MH_QxKTxV_head27,512,1,1,1,512,128,1,
MH_get_Q_head28,512,1,1,1,1024,128,1,
MH_get_K_head28,512,1,1,1,1024,128,1,
MH_get_V_head28,512,1,1,1,1024,128,1,
MH_QxKT_head28,512,1,1,1,128,512,1,
MH_QxKTxV_head28,512,1,1,1,512,128,1,
MH_get_Q_head29,512,1,1,1,1024,128,1,
MH_get_K_head29,512,1,1,1,1024,128,1,
MH_get_V_head29,512,1,1,1,1024,128,1,
MH_QxKT_head29,512,1,1,1,128,512,1,
MH_QxKTxV_head29,512,1,1,1,512,128,1,
MH_get_Q_head30,512,1,1,1,1024,128,1,
MH_get_K_head30,512,1,1,1,1024,128,1,
MH_get_V_head30,512,1,1,1,1024,128,1,
MH_QxKT_head30,512,1,1,1,128,512,1,
MH_QxKTxV_head30,512,1,1,1,512,128,1,
MH_get_Q_head31,512,1,1,1,1024,128,1,
MH_get_K_head31,512,1,1,1,1024,128,1,
MH_get_V_head31,512,1,1,1,1024,128,1,
MH_QxKT_head31,512,1,1,1,128,512,1,
MH_QxKTxV_head31,512,1,1,1,512,128,1,
MH_get_Q_head32,512,1,1,1,1024,128,1,
MH_get_K_head32,512,1,1,1,1024,128,1,
MH_get_V_head32,512,1,1,1,1024,128,1,
MH_QxKT_head32,512,1,1,1,128,512,1,
MH_QxKTxV_head32,512,1,1,1,512,128,1,
MH_get_Q_head33,512,1,1,1,1024,128,1,
MH_get_K_head33,512,1,1,1,1024,128,1,
MH_get_V_head33,512,1,1,1,1024,128,1,
MH_QxKT_head33,512,1,1,1,128,512,1,
MH_QxKTxV_head33,512,1,1,1,512,128,1,
MH_get_Q_head34,512,1,1,1,1024,128,1,
MH_get_K_head34,512,1,1,1,1024,128,1,
MH_get_V_head34,512,1,1,1,1024,128,1,
MH_QxKT_head34,512,1,1,1,128,512,1,
MH_QxKTxV_head34,512,1,1,1,512,128,1,
MH_get_Q_head35,512,1,1,1,1024,128,1,
MH_get_K_head35,512,1,1,1,1024,128,1,
MH_get_V_head35,512,1,1,1,1024,128,1,
MH_QxKT_head35,512,1,1,1,128,512,1,
MH_QxKTxV_head35,512,1,1,1,512,128,1,
MH_get_Q_head36,512,1,1,1,1024,128,1,
MH_get_K_head36,512,1,1,1,1024,128,1,
MH_get_V_head36,512,1,1,1,1024,128,1,
MH_QxKT_head36,512,1,1,1,128,512,1,
MH_QxKTxV_head36,512,1,1,1,512,128,1,
MH_get_Q_head37,512,1,1,1,1024,128,1,
MH_get_K_head37,512,1,1,1,1024,128,1,
MH_get_V_head37,512,1,1,1,1024,128,1,
MH_QxKT_head37,512,1,1,1,128,512,1,
MH_QxKTxV_head37,512,1,1,1,512,128,1,
MH_get_Q_head38,512,1,1,1,1024,128,1,
MH_get_K_head38,512,1,1,1,1024,128,1,
MH_get_V_head38,512,1,1,1,1024,128,1,
MH_QxKT_head38,512,1,1,1,128,512,1,
MH_QxKTxV_head38,512,1,1,1,512,128,1,
MH_get_Q_head39,512,1,1,1,1024,128,1,
MH_get_K_head39,512,1,1,1,1024,128,1,
MH_get_V_head39,512,1,1,1,1024,128,1,
MH_QxKT_head39,512,1,1,1,128,512,1,
MH_QxKTxV_head39,512,1,1,1,512,128,1,
MH_get_Q_head40,512,1,1,1,1024,128,1,
MH_get_K_head40,512,1,1,1,1024,128,1,
MH_get_V_head40,512,1,1,1,1024,128,1,
MH_QxKT_head40,512,1,1,1,128,512,1,
MH_QxKTxV_head40,512,1,1,1,512,128,1,
MH_get_Q_head41,512,1,1,1,1024,128,1,
MH_get_K_head41,512,1,1,1,1024,128,1,
MH_get_V_head41,512,1,1,1,1024,128,1,
MH_QxKT_head41,512,1,1,1,128,512,1,
MH_QxKTxV_head41,512,1,1,1,512,128,1,
MH_get_Q_head42,512,1,1,1,1024,128,1,
MH_get_K_head42,512,1,1,1,1024,128,1,
MH_get_V_head42,512,1,1,1,1024,128,1,
MH_QxKT_head42,512,1,1,1,128,512,1,
MH_QxKTxV_head42,512,1,1,1,512,128,1,
MH_get_Q_head43,512,1,1,1,1024,128,1,
MH_get_K_head43,512,1,1,1,1024,128,1,
MH_get_V_head43,512,1,1,1,1024,128,1,
MH_QxKT_head43,512,1,1,1,128,512,1,
MH_QxKTxV_head43,512,1,1,1,512,128,1,
MH_get_Q_head44,512,1,1,1,1024,128,1,
MH_get_K_head44,512,1,1,1,1024,128,1,
MH_get_V_head44,512,1,1,1,1024,128,1,
MH_QxKT_head44,512,1,1,1,128,512,1,
MH_QxKTxV_head44,512,1,1,1,512,128,1,
MH_get_Q_head45,512,1,1,1,1024,128,1,
MH_get_K_head45,512,1,1,1,1024,128,1,
MH_get_V_head45,512,1,1,1,1024,128,1,
MH_QxKT_head45,512,1,1,1,128,512,1,
MH_QxKTxV_head45,512,1,1,1,512,128,1,
MH_get_Q_head46,512,1,1,1,1024,128,1,
MH_get_K_head46,512,1,1,1,1024,128,1,
MH_get_V_head46,512,1,1,1,1024,128,1,
MH_QxKT_head46,512,1,1,1,128,512,1,
MH_QxKTxV_head46,512,1,1,1,512,128,1,
MH_get_Q_head47,512,1,1,1,1024,128,1,
MH_get_K_head47,512,1,1,1,1024,128,1,
MH_get_V_head47,512,1,1,1,1024,128,1,
MH_QxKT_head47,512,1,1,1,128,512,1,
MH_QxKTxV_head47,512,1,1,1,512,128,1,
MH_get_Q_head48,512,1,1,1,1024,128,1,
MH_get_K_head48,512,1,1,1,1024,128,1,
MH_get_V_head48,512,1,1,1,1024,128,1,
MH_QxKT_head48,512,1,1,1,128,512,1,
MH_QxKTxV_head48,512,1,1,1,512,128,1,
MH_get_Q_head49,512,1,1,1,1024,128,1,
MH_get_K_head49,512,1,1,1,1024,128,1,
MH_get_V_head49,512,1,1,1,1024,128,1,
MH_QxKT_head49,512,1,1,1,128,512,1,
MH_QxKTxV_head49,512,1,1,1,512,128,1,
MH_get_Q_head50,512,1,1,1,1024,128,1,
MH_get_K_head50,512,1,1,1,1024,128,1,
MH_get_V_head50,512,1,1,1,1024,128,1,
MH_QxKT_head50,512,1,1,1,128,512,1,
MH_QxKTxV_head50,512,1,1,1,512,128,1,
MH_get_Q_head51,512,1,1,1,1024,128,1,
MH_get_K_head51,512,1,1,1,1024,128,1,
MH_get_V_head51,512,1,1,1,1024,128,1,
MH_QxKT_head51,512,1,1,1,128,512,1,
MH_QxKTxV_head51,512,1,1,1,512,128,1,
MH_get_Q_head52,512,1,1,1,1024,128,1,
MH_get_K_head52,512,1,1,1,1024,128,1,
MH_get_V_head52,512,1,1,1,1024,128,1,
MH_QxKT_head52,512,1,1,1,128,512,1,
MH_QxKTxV_head52,512,1,1,1,512,128,1,
MH_get_Q_head53,512,1,1,1,1024,128,1,
MH_get_K_head53,512,1,1,1,1024,128,1,
MH_get_V_head53,512,1,1,1,1024,128,1,
MH_QxKT_head53,512,1,1,1,128,512,1,
MH_QxKTxV_head53,512,1,1,1,512,128,1,
MH_get_Q_head54,512,1,1,1,1024,128,1,
MH_get_K_head54,512,1,1,1,1024,128,1,
MH_get_V_head54,512,1,1,1,1024,128,1,
MH_QxKT_head54,512,1,1,1,128,512,1,
MH_QxKTxV_head54,512,1,1,1,512,128,1,
MH_get_Q_head55,512,1,1,1,1024,128,1,
MH_get_K_head55,512,1,1,1,1024,128,1,
MH_get_V_head55,512,1,1,1,1024,128,1,
MH_QxKT_head55,512,1,1,1,128,512,1,
MH_QxKTxV_head55,512,1,1,1,512,128,1,
MH_get_Q_head56,512,1,1,1,1024,128,1,
MH_get_K_head56,512,1,1,1,1024,128,1,
MH_get_V_head56,512,1,1,1,1024,128,1,
MH_QxKT_head56,512,1,1,1,128,512,1,
MH_QxKTxV_head56,512,1,1,1,512,128,1,
MH_get_Q_head57,512,1,1,1,1024,128,1,
MH_get_K_head57,512,1,1,1,1024,128,1,
MH_get_V_head57,512,1,1,1,1024,128,1,
MH_QxKT_head57,512,1,1,1,128,512,1,
MH_QxKTxV_head57,512,1,1,1,512,128,1,
MH_get_Q_head58,512,1,1,1,1024,128,1,
MH_get_K_head58,512,1,1,1,1024,128,1,
MH_get_V_head58,512,1,1,1,1024,128,1,
MH_QxKT_head58,512,1,1,1,128,512,1,
MH_QxKTxV_head58,512,1,1,1,512,128,1,
MH_get_Q_head59,512,1,1,1,1024,128,1,
MH_get_K_head59,512,1,1,1,1024,128,1,
MH_get_V_head59,512,1,1,1,1024,128,1,
MH_QxKT_head59,512,1,1,1,128,512,1,
MH_QxKTxV_head59,512,1,1,1,512,128,1,
MH_get_Q_head60,512,1,1,1,1024,128,1,
MH_get_K_head60,512,1,1,1,1024,128,1,
MH_get_V_head60,512,1,1,1,1024,128,1,
MH_QxKT_head60,512,1,1,1,128,512,1,
MH_QxKTxV_head60,512,1,1,1,512,128,1,
MH_get_Q_head61,512,1,1,1,1024,128,1,
MH_get_K_head61,512,1,1,1,1024,128,1,
MH_get_V_head61,512,1,1,1,1024,128,1,
MH_QxKT_head61,512,1,1,1,128,512,1,
MH_QxKTxV_head61,512,1,1,1,512,128,1,
MH_get_Q_head62,512,1,1,1,1024,128,1,
MH_get_K_head62,512,1,1,1,1024,128,1,
MH_get_V_head62,512,1,1,1,1024,128,1,
MH_QxKT_head62,512,1,1,1,128,512,1,
MH_QxKTxV_head62,512,1,1,1,512,128,1,
MH_get_Q_head63,512,1,1,1,1024,128,1,
MH_get_K_head63,512,1,1,1,1024,128,1,
MH_get_V_head63,512,1,1,1,1024,128,1,
MH_QxKT_head63,512,1,1,1,128,512,1,
MH_QxKTxV_head63,512,1,1,1,512,128,1,
MH_get_Q_head64,512,1,1,1,1024,128,1,
MH_get_K_head64,512,1,1,1,1024,128,1,
MH_get_V_head64,512,1,1,1,1024,128,1,
MH_QxKT_head64,512,1,1,1,128,512,1,
MH_QxKTxV_head64,512,1,1,1,512,128,1,
MH_get_Q_head65,512,1,1,1,1024,128,1,
MH_get_K_head65,512,1,1,1,1024,128,1,
MH_get_V_head65,512,1,1,1,1024,128,1,
MH_QxKT_head65,512,1,1,1,128,512,1,
MH_QxKTxV_head65,512,1,1,1,512,128,1,
MH_get_Q_head66,512,1,1,1,1024,128,1,
MH_get_K_head66,512,1,1,1,1024,128,1,
MH_get_V_head66,512,1,1,1,1024,128,1,
MH_QxKT_head66,512,1,1,1,128,512,1,
MH_QxKTxV_head66,512,1,1,1,512,128,1,
MH_get_Q_head67,512,1,1,1,1024,128,1,
MH_get_K_head67,512,1,1,1,1024,128,1,
MH_get_V_head67,512,1,1,1,1024,128,1,
MH_QxKT_head67,512,1,1,1,128,512,1,
MH_QxKTxV_head67,512,1,1,1,512,128,1,
MH_get_Q_head68,512,1,1,1,1024,128,1,
MH_get_K_head68,512,1,1,1,1024,128,1,
MH_get_V_head68,512,1,1,1,1024,128,1,
MH_QxKT_head68,512,1,1,1,128,512,1,
MH_QxKTxV_head68,512,1,1,1,512,128,1,
MH_get_Q_head69,512,1,1,1,1024,128,1,
MH_get_K_head69,512,1,1,1,1024,128,1,
MH_get_V_head69,512,1,1,1,1024,128,1,
MH_QxKT_head69,512,1,1,1,128,512,1,
MH_QxKTxV_head69,512,1,1,1,512,128,1,
MH_get_Q_head70,512,1,1,1,1024,128,1,
MH_get_K_head70,512,1,1,1,1024,128,1,
MH_get_V_head70,512,1,1,1,1024,128,1,
MH_QxKT_head70,512,1,1,1,128,512,1,
MH_QxKTxV_head70,512,1,1,1,512,128,1,
MH_get_Q_head71,512,1,1,1,1024,128,1,
MH_get_K_head71,512,1,1,1,1024,128,1,
MH_get_V_head71,512,1,1,1,1024,128,1,
MH_QxKT_head71,512,1,1,1,128,512,1,
MH_QxKTxV_head71,512,1,1,1,512,128,1,
MH_get_Q_head72,512,1,1,1,1024,128,1,
MH_get_K_head72,512,1,1,1,1024,128,1,
MH_get_V_head72,512,1,1,1,1024,128,1,
MH_QxKT_head72,512,1,1,1,128,512,1,
MH_QxKTxV_head72,512,1,1,1,512,128,1,
MH_get_Q_head73,512,1,1,1,1024,128,1,
MH_get_K_head73,512,1,1,1,1024,128,1,
MH_get_V_head73,512,1,1,1,1024,128,1,
MH_QxKT_head73,512,1,1,1,128,512,1,
MH_QxKTxV_head73,512,1,1,1,512,128,1,
MH_get_Q_head74,512,1,1,1,1024,128,1,
MH_get_K_head74,512,1,1,1,1024,128,1,
MH_get_V_head74,512,1,1,1,1024,128,1,
MH_QxKT_head74,512,1,1,1,128,512,1,
MH_QxKTxV_head74,512,1,1,1,512,128,1,
MH_get_Q_head75,512,1,1,1,1024,128,1,
MH_get_K_head75,512,1,1,1,1024,128,1,
MH_get_V_head75,512,1,1,1,1024,128,1,
MH_QxKT_head75,512,1,1,1,128,512,1,
MH_QxKTxV_head75,512,1,1,1,512,128,1,
MH_get_Q_head76,512,1,1,1,1024,128,1,
MH_get_K_head76,512,1,1,1,1024,128,1,
MH_get_V_head76,512,1,1,1,1024,128,1,
MH_QxKT_head76,512,1,1,1,128,512,1,
MH_QxKTxV_head76,512,1,1,1,512,128,1,
MH_get_Q_head77,512,1,1,1,1024,128,1,
MH_get_K_head77,512,1,1,1,1024,128,1,
MH_get_V_head77,512,1,1,1,1024,128,1,
MH_QxKT_head77,512,1,1,1,128,512,1,
MH_QxKTxV_head77,512,1,1,1,512,128,1,
MH_get_Q_head78,512,1,1,1,1024,128,1,
MH_get_K_head78,512,1,1,1,1024,128,1,
MH_get_V_head78,512,1,1,1,1024,128,1,
MH_QxKT_head78,512,1,1,1,128,512,1,
MH_QxKTxV_head78,512,1,1,1,512,128,1,
MH_get_Q_head79,512,1,1,1,1024,128,1,
MH_get_K_head79,512,1,1,1,1024,128,1,
MH_get_V_head79,512,1,1,1,1024,128,1,
MH_QxKT_head79,512,1,1,1,128,512,1,
MH_QxKTxV_head79,512,1,1,1,512,128,1,
MH_get_Q_head80,512,1,1,1,1024,128,1,
MH_get_K_head80,512,1,1,1,1024,128,1,
MH_get_V_head80,512,1,1,1,1024,128,1,
MH_QxKT_head80,512,1,1,1,128,512,1,
MH_QxKTxV_head80,512,1,1,1,512,128,1,
MH_get_Q_head81,512,1,1,1,1024,128,1,
MH_get_K_head81,512,1,1,1,1024,128,1,
MH_get_V_head81,512,1,1,1,1024,128,1,
MH_QxKT_head81,512,1,1,1,128,512,1,
MH_QxKTxV_head81,512,1,1,1,512,128,1,
MH_get_Q_head82,512,1,1,1,1024,128,1,
MH_get_K_head82,512,1,1,1,1024,128,1,
MH_get_V_head82,512,1,1,1,1024,128,1,
MH_QxKT_head82,512,1,1,1,128,512,1,
MH_QxKTxV_head82,512,1,1,1,512,128,1,
MH_get_Q_head83,512,1,1,1,1024,128,1,
MH_get_K_head83,512,1,1,1,1024,128,1,
MH_get_V_head83,512,1,1,1,1024,128,1,
MH_QxKT_head83,512,1,1,1,128,512,1,
MH_QxKTxV_head83,512,1,1,1,512,128,1,
MH_get_Q_head84,512,1,1,1,1024,128,1,
MH_get_K_head84,512,1,1,1,1024,128,1,
MH_get_V_head84,512,1,1,1,1024,128,1,
MH_QxKT_head84,512,1,1,1,128,512,1,
MH_QxKTxV_head84,512,1,1,1,512,128,1,
MH_get_Q_head85,512,1,1,1,1024,128,1,
MH_get_K_head85,512,1,1,1,1024,128,1,
MH_get_V_head85,512,1,1,1,1024,128,1,
MH_QxKT_head85,512,1,1,1,128,512,1,
MH_QxKTxV_head85,512,1,1,1,512,128,1,
MH_get_Q_head86,512,1,1,1,1024,128,1,
MH_get_K_head86,512,1,1,1,1024,128,1,
MH_get_V_head86,512,1,1,1,1024,128,1,
MH_QxKT_head86,512,1,1,1,128,512,1,
MH_QxKTxV_head86,512,1,1,1,512,128,1,
MH_get_Q_head87,512,1,1,1,1024,128,1,
MH_get_K_head87,512,1,1,1,1024,128,1,
MH_get_V_head87,512,1,1,1,1024,128,1,
MH_QxKT_head87,512,1,1,1,128,512,1,
MH_QxKTxV_head87,512,1,1,1,512,128,1,
MH_get_Q_head88,512,1,1,1,1024,128,1,
MH_get_K_head88,512,1,1,1,1024,128,1,
MH_get_V_head88,512,1,1,1,1024,128,1,
MH_QxKT_head88,512,1,1,1,128,512,1,
MH_QxKTxV_head88,512,1,1,1,512,128,1,
MH_get_Q_head89,512,1,1,1,1024,128,1,
MH_get_K_head89,512,1,1,1,1024,128,1,
MH_get_V_head89,512,1,1,1,1024,128,1,
MH_QxKT_head89,512,1,1,1,128,512,1,
MH_QxKTxV_head89,512,1,1,1,512,128,1,
MH_get_Q_head90,512,1,1,1,1024,128,1,
MH_get_K_head90,512,1,1,1,1024,128,1,
MH_get_V_head90,512,1,1,1,1024,128,1,
MH_QxKT_head90,512,1,1,1,128,512,1,
MH_QxKTxV_head90,512,1,1,1,512,128,1,
MH_get_Q_head91,512,1,1,1,1024,128,1,
MH_get_K_head91,512,1,1,1,1024,128,1,
MH_get_V_head91,512,1,1,1,1024,128,1,
MH_QxKT_head91,512,1,1,1,128,512,1,
MH_QxKTxV_head91,512,1,1,1,512,128,1,
MH_get_Q_head92,512,1,1,1,1024,128,1,
MH_get_K_head92,512,1,1,1,1024,128,1,
MH_get_V_head92,512,1,1,1,1024,128,1,
MH_QxKT_head92,512,1,1,1,128,512,1,
MH_QxKTxV_head92,512,1,1,1,512,128,1,
MH_get_Q_head93,512,1,1,1,1024,128,1,
MH_get_K_head93,512,1,1,1,1024,128,1,
MH_get_V_head93,512,1,1,1,1024,128,1,
MH_QxKT_head93,512,1,1,1,128,512,1,
MH_QxKTxV_head93,512,1,1,1,512,128,1,
MH_get_Q_head94,512,1,1,1,1024,128,1,
MH_get_K_head94,512,1,1,1,1024,128,1,
MH_get_V_head94,512,1,1,1,1024,128,1,
MH_QxKT_head94,512,1,1,1,128,512,1,
MH_QxKTxV_head94,512,1,1,1,512,128,1,
MH_get_Q_head95,512,1,1,1,1024,128,1,
MH_get_K_head95,512,1,1,1,1024,128,1,
MH_get_V_head95,512,1,1,1,1024,128,1,
MH_QxKT_head95,512,1,1,1,128,512,1,
MH_QxKTxV_head95,512,1,1,1,512,128,1,
MH_get_Q_head96,512,1,1,1,1024,128,1,
MH_get_K_head96,512,1,1,1,1024,128,1,
MH_get_V_head96,512,1,1,1,1024,128,1,
MH_QxKT_head96,512,1,1,1,128,512,1,
MH_QxKTxV_head96,512,1,1,1,512,128,1,
MH_get_Q_head97,512,1,1,1,1024,128,1,
MH_get_K_head97,512,1,1,1,1024,128,1,
MH_get_V_head97,512,1,1,1,1024,128,1,
MH_QxKT_head97,512,1,1,1,128,512,1,
MH_QxKTxV_head97,512,1,1,1,512,128,1,
MH_get_Q_head98,512,1,1,1,1024,128,1,
MH_get_K_head98,512,1,1,1,1024,128,1,
MH_get_V_head98,512,1,1,1,1024,128,1,
MH_QxKT_head98,512,1,1,1,128,512,1,
MH_QxKTxV_head98,512,1,1,1,512,128,1,
MH_get_Q_head99,512,1,1,1,1024,128,1,
MH_get_K_head99,512,1,1,1,1024,128,1,
MH_get_V_head99,512,1,1,1,1024,128,1,
MH_QxKT_head99,512,1,1,1,128,512,1,
MH_QxKTxV_head99,512,1,1,1,512,128,1,
MH_get_Q_head100,512,1,1,1,1024,128,1,
MH_get_K_head100,512,1,1,1,1024,128,1,
MH_get_V_head100,512,1,1,1,1024,128,1,
MH_QxKT_head100,512,1,1,1,128,512,1,
MH_QxKTxV_head100,512,1,1,1,512,128,1,
MH_get_Q_head101,512,1,1,1,1024,128,1,
MH_get_K_head101,512,1,1,1,1024,128,1,
MH_get_V_head101,512,1,1,1,1024,128,1,
MH_QxKT_head101,512,1,1,1,128,512,1,
MH_QxKTxV_head101,512,1,1,1,512,128,1,
MH_get_Q_head102,512,1,1,1,1024,128,1,
MH_get_K_head102,512,1,1,1,1024,128,1,
MH_get_V_head102,512,1,1,1,1024,128,1,
MH_QxKT_head102,512,1,1,1,128,512,1,
MH_QxKTxV_head102,512,1,1,1,512,128,1,
MH_get_Q_head103,512,1,1,1,1024,128,1,
MH_get_K_head103,512,1,1,1,1024,128,1,
MH_get_V_head103,512,1,1,1,1024,128,1,
MH_QxKT_head103,512,1,1,1,128,512,1,
MH_QxKTxV_head103,512,1,1,1,512,128,1,
MH_get_Q_head104,512,1,1,1,1024,128,1,
MH_get_K_head104,512,1,1,1,1024,128,1,
MH_get_V_head104,512,1,1,1,1024,128,1,
MH_QxKT_head104,512,1,1,1,128,512,1,
MH_QxKTxV_head104,512,1,1,1,512,128,1,
MH_get_Q_head105,512,1,1,1,1024,128,1,
MH_get_K_head105,512,1,1,1,1024,128,1,
MH_get_V_head105,512,1,1,1,1024,128,1,
MH_QxKT_head105,512,1,1,1,128,512,1,
MH_QxKTxV_head105,512,1,1,1,512,128,1,
MH_get_Q_head106,512,1,1,1,1024,128,1,
MH_get_K_head106,512,1,1,1,1024,128,1,
MH_get_V_head106,512,1,1,1,1024,128,1,
MH_QxKT_head106,512,1,1,1,128,512,1,
MH_QxKTxV_head106,512,1,1,1,512,128,1,
MH_get_Q_head107,512,1,1,1,1024,128,1,
MH_get_K_head107,512,1,1,1,1024,128,1,
MH_get_V_head107,512,1,1,1,1024,128,1,
MH_QxKT_head107,512,1,1,1,128,512,1,
MH_QxKTxV_head107,512,1,1,1,512,128,1,
MH_get_Q_head108,512,1,1,1,1024,128,1,
MH_get_K_head108,512,1,1,1,1024,128,1,
MH_get_V_head108,512,1,1,1,1024,128,1,
MH_QxKT_head108,512,1,1,1,128,512,1,
MH_QxKTxV_head108,512,1,1,1,512,128,1,
MH_get_Q_head109,512,1,1,1,1024,128,1,
MH_get_K_head109,512,1,1,1,1024,128,1,
MH_get_V_head109,512,1,1,1,1024,128,1,
MH_QxKT_head109,512,1,1,1,128,512,1,
MH_QxKTxV_head109,512,1,1,1,512,128,1,
MH_get_Q_head110,512,1,1,1,1024,128,1,
MH_get_K_head110,512,1,1,1,1024,128,1,
MH_get_V_head110,512,1,1,1,1024,128,1,
MH_QxKT_head110,512,1,1,1,128,512,1,
MH_QxKTxV_head110,512,1,1,1,512,128,1,
MH_get_Q_head111,512,1,1,1,1024,128,1,
MH_get_K_head111,512,1,1,1,1024,128,1,
MH_get_V_head111,512,1,1,1,1024,128,1,
MH_QxKT_head111,512,1,1,1,128,512,1,
MH_QxKTxV_head111,512,1,1,1,512,128,1,
MH_get_Q_head112,512,1,1,1,1024,128,1,
MH_get_K_head112,512,1,1,1,1024,128,1,
MH_get_V_head112,512,1,1,1,1024,128,1,
MH_QxKT_head112,512,1,1,1,128,512,1,
MH_QxKTxV_head112,512,1,1,1,512,128,1,
MH_get_Q_head113,512,1,1,1,1024,128,1,
MH_get_K_head113,512,1,1,1,1024,128,1,
MH_get_V_head113,512,1,1,1,1024,128,1,
MH_QxKT_head113,512,1,1,1,128,512,1,
MH_QxKTxV_head113,512,1,1,1,512,128,1,
MH_get_Q_head114,512,1,1,1,1024,128,1,
MH_get_K_head114,512,1,1,1,1024,128,1,
MH_get_V_head114,512,1,1,1,1024,128,1,
MH_QxKT_head114,512,1,1,1,128,512,1,
MH_QxKTxV_head114,512,1,1,1,512,128,1,
MH_get_Q_head115,512,1,1,1,1024,128,1,
MH_get_K_head115,512,1,1,1,1024,128,1,
MH_get_V_head115,512,1,1,1,1024,128,1,
MH_QxKT_head115,512,1,1,1,128,512,1,
MH_QxKTxV_head115,512,1,1,1,512,128,1,
MH_get_Q_head116,512,1,1,1,1024,128,1,
MH_get_K_head116,512,1,1,1,1024,128,1,
MH_get_V_head116,512,1,1,1,1024,128,1,
MH_QxKT_head116,512,1,1,1,128,512,1,
MH_QxKTxV_head116,512,1,1,1,512,128,1,
MH_get_Q_head117,512,1,1,1,1024,128,1,
MH_get_K_head117,512,1,1,1,1024,128,1,
MH_get_V_head117,512,1,1,1,1024,128,1,
MH_QxKT_head117,512,1,1,1,128,512,1,
MH_QxKTxV_head117,512,1,1,1,512,128,1,
MH_get_Q_head118,512,1,1,1,1024,128,1,
MH_get_K_head118,512,1,1,1,1024,128,1,
MH_get_V_head118,512,1,1,1,1024,128,1,
MH_QxKT_head118,512,1,1,1,128,512,1,
MH_QxKTxV_head118,512,1,1,1,512,128,1,
MH_get_Q_head119,512,1,1,1,1024,128,1,
MH_get_K_head119,512,1,1,1,1024,128,1,
MH_get_V_head119,512,1,1,1,1024,128,1,
MH_QxKT_head119,512,1,1,1,128,512,1,
MH_QxKTxV_head119,512,1,1,1,512,128,1,
MH_get_Q_head120,512,1,1,1,1024,128,1,
MH_get_K_head120,512,1,1,1,1024,128,1,
MH_get_V_head120,512,1,1,1,1024,128,1,
MH_QxKT_head120,512,1,1,1,128,512,1,
MH_QxKTxV_head120,512,1,1,1,512,128,1,
MH_get_Q_head121,512,1,1,1,1024,128,1,
MH_get_K_head121,512,1,1,1,1024,128,1,
MH_get_V_head121,512,1,1,1,1024,128,1,
MH_QxKT_head121,512,1,1,1,128,512,1,
MH_QxKTxV_head121,512,1,1,1,512,128,1,
MH_get_Q_head122,512,1,1,1,1024,128,1,
MH_get_K_head122,512,1,1,1,1024,128,1,
MH_get_V_head122,512,1,1,1,1024,128,1,
MH_QxKT_head122,512,1,1,1,128,512,1,
MH_QxKTxV_head122,512,1,1,1,512,128,1,
MH_get_Q_head123,512,1,1,1,1024,128,1,
MH_get_K_head123,512,1,1,1,1024,128,1,
MH_get_V_head123,512,1,1,1,1024,128,1,
MH_QxKT_head123,512,1,1,1,128,512,1,
MH_QxKTxV_head123,512,1,1,1,512,128,1,
MH_get_Q_head124,512,1,1,1,1024,128,1,
MH_get_K_head124,512,1,1,1,1024,128,1,
MH_get_V_head124,512,1,1,1,1024,128,1,
MH_QxKT_head124,512,1,1,1,128,512,1,
MH_QxKTxV_head124,512,1,1,1,512,128,1,
MH_get_Q_head125,512,1,1,1,1024,128,1,
MH_get_K_head125,512,1,1,1,1024,128,1,
MH_get_V_head125,512,1,1,1,1024,128,1,
MH_QxKT_head125,512,1,1,1,128,512,1,
MH_QxKTxV_head125,512,1,1,1,512,128,1,
MH_get_Q_head126,512,1,1,1,1024,128,1,
MH_get_K_head126,512,1,1,1,1024,128,1,
MH_get_V_head126,512,1,1,1,1024,128,1,
MH_QxKT_head126,512,1,1,1,128,512,1,
MH_QxKTxV_head126,512,1,1,1,512,128,1,
MH_get_Q_head127,512,1,1,1,1024,128,1,
MH_get_K_head127,512,1,1,1,1024,128,1,
MH_get_V_head127,512,1,1,1,1024,128,1,
MH_QxKT_head127,512,1,1,1,128,512,1,
MH_QxKTxV_head127,512,1,1,1,512,128,1,
MH_Concat_Linear,512,1,1,1,1024,1024,1,
FF1,512,1,1,1,1024,65536,1,
FF2,512,1,1,1,65536,1024,1,
